cell_id,case,policy,agents,dependency_probability,avoidance_probability,edit_length_lines,nominal_overlap_probability,nominal_mu,sync_interval,post_dispatch_wait,wait_in_characteristic_units,observation_horizon,baseline_read_time,repair_clock,base_repair_time,edits_per_agent_time,files,lines_per_file,initial_conflicts_n,initial_conflicts_mean,initial_conflicts_ci95_low,initial_conflicts_ci95_high,completed_attempts_n,completed_attempts_mean,completed_attempts_ci95_low,completed_attempts_ci95_high,failed_attempts_n,failed_attempts_mean,failed_attempts_ci95_low,failed_attempts_ci95_high,initial_conflicts_landed_mean,initial_conflicts_landed_fraction,completed_attempt_failure_fraction,nominal_exposure,nominal_failure_probability,ratio_ci95_low,ratio_ci95_high,ratio_interval_status
02b20d8006444bf2,1,kick_back,4,0.0,0.0,4,0.003435063819150432,0.010305191457451296,0.5,0.0,0.0,3105.2310024635212,dispatch,fixed,0.25,1.0,8,256,30,33.1,31.187087458662944,35.01291254133706,30,33.1,31.187087458662944,35.01291254133706,30,0,0.0,0.0,33.1,1.0,0.0,0.25,0.0025729820571334544,,,not identified from marginal aggregates
3707cb5b5d32215d,1,kick_back,4,0.0,0.0,4,0.003435063819150432,0.010305191457451296,0.5,24.25961720674626,0.25,3105.2310024635212,dispatch,fixed,0.25,1.0,8,256,30,113.53333333333333,111.58750255704221,115.47916410962445,30,122.93333333333334,121.52079059197342,124.34587607469325,30,12.4,11.02013747144828,13.779862528551721,110.53333333333333,0.9735760422783324,0.10086767895878525,24.50961720674626,0.22320305736951937,,,not identified from marginal aggregates
87fe399ab241af87,1,kick_back,4,0.0,0.0,4,0.003435063819150432,0.010305191457451296,0.5,48.51923441349252,0.5,3105.2310024635212,dispatch,fixed,0.25,1.0,8,256,30,53.06666666666667,51.57210280583649,54.56123052749685,30,61.46666666666667,60.7714224387881,62.16191089454524,30,11.4,10.297647072389475,12.502352927610525,50.06666666666667,0.9434673366834171,0.18546637744034708,48.76923441349252,0.3950299327919085,,,not identified from marginal aggregates
cfc00d9707027260,1,kick_back,4,0.0,0.0,4,0.003435063819150432,0.010305191457451296,0.5,97.03846882698504,1.0,3105.2310024635212,dispatch,fixed,0.25,1.0,8,256,30,23.1,22.108354253094223,24.09164574690578,30,30.566666666666666,30.206566127278798,30.926767206054535,30,10.466666666666667,9.518809102638281,11.414524230695053,20.1,0.8701298701298701,0.3424209378407852,97.28846882698504,0.6330671060298801,,,not identified from marginal aggregates
da826101a53572f3,1,kick_back,4,0.0,0.0,4,0.003435063819150432,0.010305191457451296,0.5,194.07693765397008,2.0,3105.2310024635212,dispatch,fixed,0.25,1.0,8,256,30,9.633333333333333,8.84999069704717,10.416675969619495,30,14.9,14.755939348660476,15.044060651339525,30,8.266666666666667,7.475192713110969,9.058140620222366,6.633333333333333,0.6885813148788927,0.5548098434004475,194.32693765397008,0.8650129320188522,,,not identified from marginal aggregates
de6fe7be801f0b4c,1,kick_back,4,0.0,0.0,4,0.003435063819150432,0.010305191457451296,0.5,388.15387530794015,4.0,3105.2310024635212,dispatch,fixed,0.25,1.0,8,256,30,4.133333333333334,3.82545526621169,4.441211400454978,30,6.966666666666667,6.9013333333333335,7.032,30,5.833333333333333,5.520475783091542,6.146190883575124,1.1333333333333337,0.27419354838709686,0.8373205741626794,388.40387530794015,0.9817314869214915,,,not identified from marginal aggregates
d8d14b4e07c89637,1,kick_back,4,0.0,0.0,4,0.003435063819150432,0.010305191457451296,0.5,0.0,0.0,3105.2310024635212,start,fixed,0.25,1.0,8,256,30,33.1,31.187087458662944,35.01291254133706,30,33.1,31.187087458662944,35.01291254133706,30,0,0.0,0.0,33.1,1.0,0.0,0.25,0.0025729820571334544,,,not identified from marginal aggregates
8c1d6df6dd5658a5,1,kick_back,4,0.0,0.0,4,0.003435063819150432,0.010305191457451296,0.5,24.25961720674626,0.25,3105.2310024635212,start,fixed,0.25,1.0,8,256,30,125.63333333333334,124.14009957228515,127.12656709438153,30,122.93333333333334,121.52079059197342,124.34587607469325,30,0.3,0.10855876325504793,0.49144123674495205,122.63333333333334,0.976120986999204,0.002440347071583514,0.25,0.0025729820571334544,,,not identified from marginal aggregates
3fcd2dbee09e2e1b,1,kick_back,4,0.0,0.0,4,0.003435063819150432,0.010305191457451296,0.5,48.51923441349252,0.5,3105.2310024635212,start,fixed,0.25,1.0,8,256,30,64.36666666666666,63.67301205498552,65.0603212783478,30,61.46666666666667,60.7714224387881,62.16191089454524,30,0.1,-0.009188858848106482,0.2091888588481065,61.36666666666667,0.9533920248575869,0.0016268980477223427,0.25,0.0025729820571334544,,,not identified from marginal aggregates
cfc9652c78eaf652,1,kick_back,4,0.0,0.0,4,0.003435063819150432,0.010305191457451296,0.5,97.03846882698504,1.0,3105.2310024635212,start,fixed,0.25,1.0,8,256,30,33.5,33.139082905052575,33.860917094947425,30,30.566666666666666,30.206566127278798,30.926767206054535,30,0.06666666666666667,-0.024121622280541086,0.1574549556138744,30.5,0.9104477611940298,0.0021810250817884407,0.25,0.0025729820571334544,,,not identified from marginal aggregates
f787499fc07184e2,1,kick_back,4,0.0,0.0,4,0.003435063819150432,0.010305191457451296,0.5,194.07693765397008,2.0,3105.2310024635212,start,fixed,0.25,1.0,8,256,30,17.9,17.755939348660476,18.04406065133952,30,14.9,14.755939348660476,15.044060651339525,30,0,0.0,0.0,14.9,0.8324022346368716,0.0,0.25,0.0025729820571334544,,,not identified from marginal aggregates
32317f42642bca58,1,kick_back,4,0.0,0.0,4,0.003435063819150432,0.010305191457451296,0.5,388.15387530794015,4.0,3105.2310024635212,start,fixed,0.25,1.0,8,256,30,9.933333333333334,9.842545044386126,10.024121622280541,30,6.966666666666667,6.9013333333333335,7.032,30,0.03333333333333333,-0.031999999999999994,0.09866666666666665,6.933333333333334,0.697986577181208,0.004784688995215311,0.25,0.0025729820571334544,,,not identified from marginal aggregates
7ffbca498ce8f21a,1,kick_back,4,0.0,0.0,16,0.01556231814190527,0.04668695442571581,0.5,0.0,0.0,685.416309408565,dispatch,fixed,0.25,1.0,8,256,30,33.833333333333336,31.4446657716357,36.222000895030966,30,33.833333333333336,31.4446657716357,36.222000895030966,30,0,0.0,0.0,33.833333333333336,1.0,0.0,0.25,0.011603888099730056,,,not identified from marginal aggregates
10d3547ed2a37f76,1,kick_back,4,0.0,0.0,16,0.01556231814190527,0.04668695442571581,0.5,5.354814917254414,0.25,685.416309408565,dispatch,fixed,0.25,1.0,8,256,30,108.53333333333333,106.02800422088407,111.03866244578259,30,116.6,114.35913924583872,118.84086075416127,30,11.033333333333333,9.903744685457497,12.16292198120917,105.56666666666666,0.9726658476658476,0.09462550028587764,5.604814917254414,0.23023633406733784,,,not identified from marginal aggregates
fdae7268df4944dc,1,kick_back,4,0.0,0.0,16,0.01556231814190527,0.04668695442571581,0.5,10.709629834508828,0.5,685.416309408565,dispatch,fixed,0.25,1.0,8,256,30,51.46666666666667,49.71930795494404,53.214025378389294,30,59.86666666666667,58.77585701974208,60.95747631359126,30,11.4,10.198003805923367,12.601996194076634,48.46666666666667,0.9417098445595855,0.19042316258351893,10.959629834508828,0.40050745419172745,,,not identified from marginal aggregates
6b8c21b4615cc392,1,kick_back,4,0.0,0.0,16,0.01556231814190527,0.04668695442571581,0.5,21.419259669017656,1.0,685.416309408565,dispatch,fixed,0.25,1.0,8,256,30,23.3,22.274209987655716,24.325790012344285,30,30.033333333333335,29.4657120144192,30.60095465224747,30,9.766666666666667,8.837867796622044,10.695465536711291,20.266666666666666,0.8698140200286122,0.3251942286348502,21.669259669017656,0.6363893906981024,,,not identified from marginal aggregates
9d9e9e0c0aa33826,1,kick_back,4,0.0,0.0,16,0.01556231814190527,0.04668695442571581,0.5,42.83851933803531,2.0,685.416309408565,dispatch,fixed,0.25,1.0,8,256,30,9.4,8.686781360600968,10.113218639399033,30,14.733333333333333,14.48588616802959,14.980780498637076,30,8.333333333333334,7.640634242348409,9.02603242431826,6.399999999999999,0.6808510638297871,0.5656108597285069,43.08851933803531,0.8662351322460102,,,not identified from marginal aggregates
9e253da13fdcf05d,1,kick_back,4,0.0,0.0,16,0.01556231814190527,0.04668695442571581,0.5,85.67703867607062,4.0,685.416309408565,dispatch,fixed,0.25,1.0,8,256,30,4.5,4.104077100272369,4.895922899727631,30,6.933333333333334,6.842545044386126,7.024121622280541,30,5.433333333333334,5.0381546502406325,5.828512016426035,1.5,0.3333333333333333,0.7836538461538461,85.92703867607062,0.9818968937354058,,,not identified from marginal aggregates
8c43ef60ff809e72,1,kick_back,4,0.0,0.0,16,0.01556231814190527,0.04668695442571581,0.5,0.0,0.0,685.416309408565,start,fixed,0.25,1.0,8,256,30,33.833333333333336,31.4446657716357,36.222000895030966,30,33.833333333333336,31.4446657716357,36.222000895030966,30,0,0.0,0.0,33.833333333333336,1.0,0.0,0.25,0.011603888099730056,,,not identified from marginal aggregates
032c0619b8f3f009,1,kick_back,4,0.0,0.0,16,0.01556231814190527,0.04668695442571581,0.5,5.354814917254414,0.25,685.416309408565,start,fixed,0.25,1.0,8,256,30,118.96666666666667,116.73393256966973,121.1994007636636,30,116.6,114.35913924583872,118.84086075416127,30,0.6,0.30882970973838264,0.8911702902616173,116.0,0.975063042869151,0.005145797598627788,0.25,0.011603888099730056,,,not identified from marginal aggregates
239187bc9ecf2ed4,1,kick_back,4,0.0,0.0,16,0.01556231814190527,0.04668695442571581,0.5,10.709629834508828,0.5,685.416309408565,start,fixed,0.25,1.0,8,256,30,62.56666666666667,61.38660598896186,63.74672734437148,30,59.86666666666667,58.77585701974208,60.95747631359126,30,0.3,0.10855876325504793,0.49144123674495205,59.56666666666667,0.9520511454448588,0.005011135857461024,0.25,0.011603888099730056,,,not identified from marginal aggregates
c721de96820cdbc1,1,kick_back,4,0.0,0.0,16,0.01556231814190527,0.04668695442571581,0.5,21.419259669017656,1.0,685.416309408565,start,fixed,0.25,1.0,8,256,30,32.9,32.2671510140006,33.532848985999394,30,30.033333333333335,29.4657120144192,30.60095465224747,30,0.13333333333333333,0.009609750681461526,0.25705691598520514,29.900000000000002,0.9088145896656536,0.004439511653718091,0.25,0.011603888099730056,,,not identified from marginal aggregates
c4659f8f06dc7b92,1,kick_back,4,0.0,0.0,16,0.01556231814190527,0.04668695442571581,0.5,42.83851933803531,2.0,685.416309408565,start,fixed,0.25,1.0,8,256,30,17.666666666666668,17.395384765811116,17.93794856752222,30,14.733333333333333,14.48588616802959,14.980780498637076,30,0.06666666666666667,-0.024121622280541086,0.1574549556138744,14.666666666666666,0.830188679245283,0.004524886877828055,0.25,0.011603888099730056,,,not identified from marginal aggregates
aa685c470f857ca4,1,kick_back,4,0.0,0.0,16,0.01556231814190527,0.04668695442571581,0.5,85.67703867607062,4.0,685.416309408565,start,fixed,0.25,1.0,8,256,30,9.866666666666667,9.742943084014795,9.990390249318539,30,6.933333333333334,6.842545044386126,7.024121622280541,30,0.06666666666666667,-0.024121622280541086,0.1574549556138744,6.866666666666667,0.6959459459459459,0.009615384615384614,0.25,0.011603888099730056,,,not identified from marginal aggregates
0a5f08c55f41e3dc,1,kick_back,4,0.0,0.0,64,0.06872332143144783,0.20616996429434348,0.5,0.0,0.0,256.0,dispatch,fixed,0.25,1.0,8,256,30,56.06666666666667,53.08611919966248,59.04721413367086,30,55.93333333333333,52.94686581123697,58.91980085542969,30,0,0.0,0.0,55.93333333333333,0.9976218787158144,0.0,0.25,0.050236707357164144,,,not identified from marginal aggregates
5169b70191430273,1,kick_back,4,0.0,0.0,64,0.06872332143144783,0.20616996429434348,0.5,1.212591760665397,0.25,256.0,dispatch,fixed,0.25,1.0,8,256,30,150.56666666666666,147.6013432874557,153.53199004587762,30,168.96666666666667,166.5533553185735,171.37997801475984,30,21.133333333333333,19.116192319489283,23.150474347177383,147.83333333333334,0.9818463582023468,0.12507397908857762,1.462591760665397,0.2603236039572836,,,not identified from marginal aggregates
4a94f3bf96ccc231,1,kick_back,4,0.0,0.0,64,0.06872332143144783,0.20616996429434348,0.5,2.425183521330794,0.5,256.0,dispatch,fixed,0.25,1.0,8,256,30,79.1,77.7209377165591,80.47906228344088,30,93.43333333333334,92.84134177286745,94.02532489379922,30,17.333333333333332,16.07136212090566,18.595304545761003,76.10000000000001,0.9620733249051835,0.1855155190866928,2.675183521330794,0.42393944354249785,,,not identified from marginal aggregates
f4a4a5e023b3e44d,1,kick_back,4,0.0,0.0,64,0.06872332143144783,0.20616996429434348,0.5,4.850367042661588,1.0,256.0,dispatch,fixed,0.25,1.0,8,256,30,36.03333333333333,34.4764020948947,37.59026457177196,30,48.833333333333336,48.64343600273445,49.023230663932225,30,15.866666666666667,14.387545792840942,17.345787540492392,32.96666666666667,0.9148936170212767,0.3249146757679181,5.100367042661588,0.6506016106574045,,,not identified from marginal aggregates
c1003e4f1a8f1834,1,kick_back,4,0.0,0.0,64,0.06872332143144783,0.20616996429434348,0.5,9.700734085323177,2.0,256.0,dispatch,fixed,0.25,1.0,8,256,30,15.966666666666667,14.75777168978319,17.175561643550143,30,24.766666666666666,24.612727633105845,24.920605700227487,30,11.8,10.60611304179771,12.99388695820229,12.966666666666665,0.812108559498956,0.4764468371467026,9.950734085323177,0.871463515782444,,,not identified from marginal aggregates
e4b07b52afea2143,1,kick_back,4,0.0,0.0,64,0.06872332143144783,0.20616996429434348,0.5,19.401468170646353,4.0,256.0,dispatch,fixed,0.25,1.0,8,256,30,6.333333333333333,5.603388392356113,7.063278274310553,30,12.066666666666666,11.975878377719459,12.157454955613874,30,8.8,8.106876070526205,9.493123929473796,3.2666666666666657,0.5157894736842104,0.7292817679558011,19.651468170646353,0.9826044785021787,,,not identified from marginal aggregates
8c76adf39dfb1324,1,kick_back,4,0.0,0.0,64,0.06872332143144783,0.20616996429434348,0.5,0.0,0.0,256.0,start,fixed,0.25,1.0,8,256,30,56.06666666666667,53.08611919966248,59.04721413367086,30,55.93333333333333,52.94686581123697,58.91980085542969,30,0,0.0,0.0,55.93333333333333,0.9976218787158144,0.0,0.25,0.050236707357164144,,,not identified from marginal aggregates
f76c05fdb93e3ded,1,kick_back,4,0.0,0.0,64,0.06872332143144783,0.20616996429434348,0.5,1.212591760665397,0.25,256.0,start,fixed,0.25,1.0,8,256,30,165.36666666666667,162.15156981668076,168.5817635166526,30,166.6,163.11076210936093,170.08923789063905,30,3.966666666666667,3.1946801660799515,4.738653167253382,162.63333333333333,0.9834710743801652,0.02380952380952381,0.25,0.050236707357164144,,,not identified from marginal aggregates
72974c27a05194da,1,kick_back,4,0.0,0.0,64,0.06872332143144783,0.20616996429434348,0.5,2.425183521330794,0.5,256.0,start,fixed,0.25,1.0,8,256,30,94.53333333333333,93.71551850825213,95.35114815841453,30,93.43333333333334,92.84134177286745,94.02532489379922,30,2.1,1.582284949452676,2.617715050547324,91.33333333333334,0.9661495063469677,0.022475918658580094,0.25,0.050236707357164144,,,not identified from marginal aggregates
e18fc695c3c57c56,1,kick_back,4,0.0,0.0,64,0.06872332143144783,0.20616996429434348,0.5,4.850367042661588,1.0,256.0,start,fixed,0.25,1.0,8,256,30,51,50.57973188634359,51.42026811365641,30,48.833333333333336,48.64343600273445,49.023230663932225,30,0.9333333333333333,0.5825499953716068,1.28411667129506,47.900000000000006,0.9392156862745099,0.01911262798634812,0.25,0.050236707357164144,,,not identified from marginal aggregates
2a417fe1a5021765,1,kick_back,4,0.0,0.0,64,0.06872332143144783,0.20616996429434348,0.5,9.700734085323177,2.0,256.0,start,fixed,0.25,1.0,8,256,30,27.6,27.26642252618847,27.933577473811532,30,24.766666666666666,24.612727633105845,24.920605700227487,30,0.3,0.08673722431175926,0.5132627756882407,24.466666666666665,0.8864734299516908,0.012113055181695828,0.25,0.050236707357164144,,,not identified from marginal aggregates
0bdc708316cf1285,1,kick_back,4,0.0,0.0,64,0.06872332143144783,0.20616996429434348,0.5,19.401468170646353,4.0,256.0,start,fixed,0.25,1.0,8,256,30,15,14.769809673950236,15.230190326049764,30,12.066666666666666,11.975878377719459,12.157454955613874,30,0.2,0.026719017631551073,0.373280982368449,11.866666666666667,0.7911111111111111,0.01657458563535912,0.25,0.050236707357164144,,,not identified from marginal aggregates
