stratum,conflict_scope,numerator,denominator,q,q_wilson_low,q_wilson_high,editor_unit,N_quantile,N_value,p_eff_low,p_eff_point,p_eff_high,scan_min,scan_max,interval_position
same,structural-inclusive textual conflict,119,601,0.198003327787,0.168105737397,0.231736990468,hunk pair,Q1,12,0.0152204741987,0.0182195484404,0.0217290431687,0.00343506381915,0.0687233214314,inside scan
same,structural-inclusive textual conflict,119,601,0.198003327787,0.168105737397,0.231736990468,hunk pair,median,102,0.00180278415108,0.0021609052135,0.00258120357915,0.00343506381915,0.0687233214314,below scan
same,structural-inclusive textual conflict,119,601,0.198003327787,0.168105737397,0.231736990468,hunk pair,Q3,1292,0.000142443363621,0.000170767786318,0.000204021865925,0.00343506381915,0.0687233214314,below scan
same,structural-inclusive textual conflict,119,601,0.198003327787,0.168105737397,0.231736990468,file pair,Q1,4,0.0449699601099,0.0536688374997,0.0637809349513,0.00343506381915,0.0687233214314,inside scan
same,structural-inclusive textual conflict,119,601,0.198003327787,0.168105737397,0.231736990468,file pair,median,19,0.00964007236163,0.0115460281409,0.0137790895086,0.00343506381915,0.0687233214314,inside scan
same,structural-inclusive textual conflict,119,601,0.198003327787,0.168105737397,0.231736990468,file pair,Q3,121,0.00151991759198,0.00182189882363,0.00217633201836,0.00343506381915,0.0687233214314,below scan
same,conflict with any content component,107,601,0.178036605657,0.149526408393,0.210636499827,hunk pair,Q1,12,0.0134061527367,0.0162055389339,0.0195177104566,0.00343506381915,0.0687233214314,inside scan
same,conflict with any content component,107,601,0.178036605657,0.149526408393,0.210636499827,hunk pair,median,102,0.00158660195598,0.00192030500099,0.00231621884968,0.00343506381915,0.0687233214314,below scan
same,conflict with any content component,107,601,0.178036605657,0.149526408393,0.210636499827,hunk pair,Q3,1292,0.000125349664793,0.000151737261774,0.000183054725058,0.00343506381915,0.0687233214314,below scan
same,conflict with any content component,107,601,0.178036605657,0.149526408393,0.210636499827,file pair,Q1,4,0.0396816928363,0.0478330142157,0.0574177434018,0.00343506381915,0.0687233214314,inside scan
same,conflict with any content component,107,601,0.178036605657,0.149526408393,0.210636499827,file pair,median,19,0.00848808254911,0.0102658593365,0.0123716942268,0.00343506381915,0.0687233214314,inside scan
same,conflict with any content component,107,601,0.178036605657,0.149526408393,0.210636499827,file pair,Q3,121,0.00133763281906,0.00161901374414,0.00195287044951,0.00343506381915,0.0687233214314,below scan
same,content-only conflict,88,601,0.146422628952,0.120404628673,0.176931898442,hunk pair,Q1,12,0.010634160119,0.0131066079078,0.0160954229242,0.00343506381915,0.0687233214314,inside scan
same,content-only conflict,88,601,0.146422628952,0.120404628673,0.176931898442,hunk pair,median,102,0.00125698660971,0.00155094397633,0.00190716271414,0.00343506381915,0.0687233214314,below scan
same,content-only conflict,88,601,0.146422628952,0.120404628673,0.176931898442,hunk pair,Q3,1292,9.9293276414e-05,0.000122530487391,0.000150697880609,0.00343506381915,0.0687233214314,below scan
same,content-only conflict,88,601,0.146422628952,0.120404628673,0.176931898442,file pair,Q1,4,0.0315644268406,0.0388067257056,0.0475132505781,0.00343506381915,0.0687233214314,inside scan
same,content-only conflict,88,601,0.146422628952,0.120404628673,0.176931898442,file pair,median,19,0.00672953262354,0.00829796389967,0.0101958939344,0.00343506381915,0.0687233214314,inside scan
same,content-only conflict,88,601,0.146422628952,0.120404628673,0.176931898442,file pair,Q3,121,0.0010597131695,0.001307566615,0.00160793178931,0.00343506381915,0.0687233214314,below scan
cross,structural-inclusive textual conflict,48,115,0.417391304348,0.331362067204,0.508761066687,hunk pair,Q1,492,0.000817780418803,0.00109744514859,0.00144372236461,0.00343506381915,0.0687233214314,below scan
cross,structural-inclusive textual conflict,48,115,0.417391304348,0.331362067204,0.508761066687,hunk pair,median,3407,0.000118135836776,0.000158554939542,0.00020861476279,0.00343506381915,0.0687233214314,below scan
cross,structural-inclusive textual conflict,48,115,0.417391304348,0.331362067204,0.508761066687,hunk pair,Q3,19798,2.03307647355e-05,2.72872077041e-05,3.5903216645e-05,0.00343506381915,0.0687233214314,below scan
cross,structural-inclusive textual conflict,48,115,0.417391304348,0.331362067204,0.508761066687,file pair,Q1,39.25,0.010202693153,0.0136697723027,0.017947178151,0.00343506381915,0.0687233214314,inside scan
cross,structural-inclusive textual conflict,48,115,0.417391304348,0.331362067204,0.508761066687,file pair,median,453,0.000888154081412,0.00119187085457,0.00156791885264,0.00343506381915,0.0687233214314,below scan
cross,structural-inclusive textual conflict,48,115,0.417391304348,0.331362067204,0.508761066687,file pair,Q3,1751.5,0.00022978379945,0.000308396346414,0.000405755308861,0.00343506381915,0.0687233214314,below scan
cross,conflict with any content component,47,115,0.408695652174,0.323214547092,0.500079442999,hunk pair,Q1,492,0.000793183159838,0.00106736577897,0.00140816629961,0.00343506381915,0.0687233214314,below scan
cross,conflict with any content component,47,115,0.408695652174,0.323214547092,0.500079442999,hunk pair,median,3407,0.000114581331991,0.000154207194022,0.000203473889623,0.00343506381915,0.0687233214314,below scan
cross,conflict with any content component,47,115,0.408695652174,0.323214547092,0.500079442999,hunk pair,Q3,19798,1.97190178642e-05,2.65389156006e-05,3.5018382659e-05,0.00343506381915,0.0687233214314,below scan
cross,conflict with any content component,47,115,0.408695652174,0.323214547092,0.500079442999,file pair,Q1,39.25,0.00989721835354,0.0132974073328,0.0175087578799,0.00343506381915,0.0687233214314,inside scan
cross,conflict with any content component,47,115,0.408695652174,0.323214547092,0.500079442999,file pair,median,453,0.000861441030892,0.00115920491618,0.00152930641333,0.00343506381915,0.0687233214314,below scan
cross,conflict with any content component,47,115,0.408695652174,0.323214547092,0.500079442999,file pair,Q3,1751.5,0.000222870373298,0.000299940406075,0.000395757282138,0.00343506381915,0.0687233214314,below scan
cross,content-only conflict,36,115,0.313043478261,0.235493893739,0.402679514542,hunk pair,Q1,492,0.000545634149273,0.000762888275208,0.00104681244712,0.00343506381915,0.0687233214314,below scan
cross,content-only conflict,36,115,0.313043478261,0.235493893739,0.402679514542,hunk pair,median,3407,7.88126459207e-05,0.000110203576654,0.000151236429676,0.00343506381915,0.0687233214314,below scan
cross,content-only conflict,36,115,0.313043478261,0.235493893739,0.402679514542,hunk pair,Q3,19798,1.35631601856e-05,1.89655882031e-05,2.60276177898e-05,0.00343506381915,0.0687233214314,below scan
cross,content-only conflict,36,115,0.313043478261,0.235493893739,0.402679514542,file pair,Q1,39.25,0.00681805890599,0.00952086518101,0.0130428947362,0.00343506381915,0.0687233214314,inside scan
cross,content-only conflict,36,115,0.313043478261,0.235493893739,0.402679514542,file pair,median,453,0.000592595353446,0.000828540182124,0.00113688412471,0.00343506381915,0.0687233214314,below scan
cross,content-only conflict,36,115,0.313043478261,0.235493893739,0.402679514542,file pair,Q3,1751.5,0.000153299847797,0.000214355712737,0.000294162539625,0.00343506381915,0.0687233214314,below scan
